{"count":1,"self":11.167731199999999,"total":64.4202256,"children":{"InitializeActuators":{"count":12,"self":0.0015082,"total":0.0015082,"children":null},"InitializeSensors":{"count":12,"self":0.0019998999999999998,"total":0.0019998999999999998,"children":null},"AgentSendState":{"count":18584,"self":0.38826309999999997,"total":1.5894319,"children":{"CollectObservations":{"count":44604,"self":0.22777119999999998,"total":0.22777119999999998,"children":null},"WriteActionMask":{"count":44604,"self":0.0893109,"total":0.0893109,"children":null},"RequestDecision":{"count":44604,"self":0.33381649999999996,"total":0.8840867,"children":{"AgentInfo.ToProto":{"count":44604,"self":0.2337389,"total":0.55027019999999993,"children":{"GenerateSensorData":{"count":44604,"self":0.31653129999999996,"total":0.31653129999999996,"children":null}}}}}}},"DecideAction":{"count":18584,"self":49.9174976,"total":49.917497,"children":null},"AgentAct":{"count":18584,"self":1.6955284,"total":1.7400577,"children":{"AgentInfo.ToProto":{"count":1589,"self":0.014016299999999999,"total":0.0445293,"children":{"GenerateSensorData":{"count":1589,"self":0.030513,"total":0.030513,"children":null}}}}}},"gauges":{"3DBall.CumulativeReward":{"count":1589,"max":20.0000439,"min":1.1920929E-07,"runningAverage":1.750534,"value":2.99999833,"weightedAverage":3.056748}},"metadata":{"timer_format_version":"0.1.0","start_time_seconds":"1731478287","unity_version":"6000.0.24f1","command_line_arguments":"C:\\Program Files\\Unity\\Hub\\Editor\\6000.0.24f1\\Editor\\Unity.exe -projectpath C:\\Users\\chase\\Desktop\\Workspace\\Unity\\Projects\\DraculaDuel -useHub -hubIPC -cloudEnvironment production","communication_protocol_version":"1.5.0","com.unity.ml-agents_version":"3.0.0","scene_name":"3DBall","end_time_seconds":"1731478352"}}